Category;Title;Description;Amount;Price;Lang
Coffees;Rövid kávé;;;10;HU
Coffees;Cafea scurtă;;;10;RO
Coffees;Espresso;;;10;EN
Coffees;Hosszú kávé;;;10;HU
Coffees;Cafea lungă;;;10;RO
Coffees;Americano;;;10;EN
Coffees;Jegeskávé;;;13;HU
Coffees;Cafea cu gheață;;;13;RO
Coffees;Iced Coffee;;;13;EN
Coffees;Ízesített jegeskávé;vanília / karamell / sós karamell / eper / pumpkin spice;;15;HU
Coffees;Cafea cu gheață aromată;vanilie / caramel / caramel sărat / căpșuni / pumpkin spice ;;15;RO
Coffees;Flavored Iced Coffee;vanilla / caramel / salted caramel / strawberry / pumpkin spice;;15;EN
Coffees;Latte;;;13;HU
Coffees;Latte;;;13;RO
Coffees;Latte;;;13;EN
Coffees;Ízesített latte;;;15;HU
Coffees;Latte aromată;;;15;RO
Coffees;Flavored Latte;;;15;EN
Teas;Tea;gyömbér / citrom / menta / barack-málna, erdei gyümölcs;;10;HU
Teas;Ceai;ghimbru / lămâie / mentă / piersică-zmeură / fructe de pădure;;10;RO
Teas;Tea;ginger / lemon / mint / peach-raspberry / forest fruit;;10;EN
Soft drinks;Coca Cola;;250 ml;10;HU
Soft drinks;Coca Cola;;250 ml;10;RO
Soft drinks;Coca Cola;;250 ml;10;EN
Soft drinks;Pepsi;;250 ml;10;HU
Soft drinks;Pepsi;;250 ml;10;RO
Soft drinks;Pepsi;;250 ml;10;EN
Soft drinks;Pepsi vintage;;250 ml;12;HU
Soft drinks;Pepsi vintage;;250 ml;12;RO
Soft drinks;Pepsi vintage;;250 ml;12;EN
Soft drinks;Coca Cola Zero;;250 ml;10;HU
Soft drinks;Coca Cola Zero;;250 ml;10;RO
Soft drinks;Coca Cola Zero;;250 ml;10;EN
Soft drinks;Fanta;narancs / szőlő;250 ml;10;HU
Soft drinks;Fanta;portocală / struguri;250 ml;10;RO
Soft drinks;Fanta;orange / grape;250 ml;10;EN
Soft drinks;Sprite;;250 ml;10;HU
Soft drinks;Sprite;;250 ml;10;RO
Soft drinks;Sprite;;250 ml;10;EN
Soft drinks;Schweppes;mandarin / pink / tonic / bitter lemon;250 ml;10;HU
Soft drinks;Schweppes;mandarină / pink / tonic / bitter lemon;250 ml;10;RO
Soft drinks;Schweppes;mandarin / pink / tonic/ bitter lemon;250 ml;10;EN
Soft drinks;Cappy;körte / barack / vérnarancs / narancs;250 ml;12;HU
Soft drinks;Cappy;pară / piersică / portocaliu sângeriu / portocale;250 ml;12;RO
Soft drinks;Cappy;pear / peach / blood orange / orange;250 ml;12;EN
Soft drinks;Santal;alma;200 ml;10;HU
Soft drinks;Santal;măr;200 ml;10;RO
Soft drinks;Santal;apple;200 ml;10;EN
Soft drinks;HELL;black cherry / strong apple / klasszikus;250 ml;8;HU
Soft drinks;HELL;cireșe negre / măr verde / clasic;250 ml;8;RO
Soft drinks;HELL;black cherry / green apple / classic;250 ml;8;EN
Soft drinks;RED BULL;;250 ml;13;HU
Soft drinks;RED BULL;;250 ml;13;RO
Soft drinks;RED BULL;;250 ml;13;EN
Soft drinks;Limonádé;kiwi / eper / mangó / málna / áfonya / dinnye / bodza / sárga dinnye;500 ml;14;HU
Soft drinks;Limonadă;kiwi / căpșuni / mango / zmeură / afine / pepene / soc / pepene galben;500 ml;14;RO
Soft drinks;Lemonade;kiwi / strawberry / mango / raspberry / blueberry / melon / elderberry / yellow melon;500 ml;14;EN
Soft drinks;FRESH;narancs;300 ml;15;HU
Soft drinks;FRESH;portocală;300 ml;15;RO
Soft drinks;FRESH;orange;300 ml;15;EN
Soft drinks;Víz;szénsavas / szénsavmentes;330 ml;7;HU
Soft drinks;Apă;carbogazoasă / plată;330 ml;7;RO
Soft drinks;Water;sparkling / still;330 ml;7;EN
Alcoholic drinks;Jack Daniel's;+ 5 cola / pipa (narghilea);1000 ml;360;HU
Alcoholic drinks;Jack Daniel's;+ 5 cola / narghilea;1000 ml;360;RO
Alcoholic drinks;Jack Daniel's;+ 5 cola / hookah;1000 ml;360;EN
Alcoholic drinks;Jack Daniel's;;50 ml;18;HU
Alcoholic drinks;Jack Daniel's;;50 ml;18;RO
Alcoholic drinks;Jack Daniel's;;50 ml;18;EN
Alcoholic drinks;Jack Daniel's Apple;+ 5 cola / pipa (narghilea);700 ml;400;HU
Alcoholic drinks;Jack Daniel's Apple;+ 5 cola / narghilea;700 ml;400;RO
Alcoholic drinks;Jack Daniel's Apple;+ 5 cola / hookah;700 ml;400;EN
Alcoholic drinks;Jack Daniel's Apple;;50 ml;20;HU
Alcoholic drinks;Jack Daniel's Apple;;50 ml;20;RO
Alcoholic drinks;Jack Daniel's Apple;;50 ml;20;EN
Alcoholic drinks;Jack Daniel's Honey;+ 5 cola / pipa (narghilea);1000 ml;400;HU
Alcoholic drinks;Jack Daniel's Honey;+ 5 cola / narghilea;1000 ml;400;RO
Alcoholic drinks;Jack Daniel's Honey;+ 5 cola / hookah;1000 ml;400;EN
Alcoholic drinks;Jack Daniel's Honey;;50 ml;20;HU
Alcoholic drinks;Jack Daniel's Honey;;50 ml;20;RO
Alcoholic drinks;Jack Daniel's Honey;;50 ml;20;EN
Alcoholic drinks;Jack Daniel's Fire;+ 5 cola / pipa (narghilea);1000 ml;280;HU
Alcoholic drinks;Jack Daniel's Fire;+ 5 cola / narghilea;1000 ml;280;RO
Alcoholic drinks;Jack Daniel's Fire;+ 5 cola / hookah;1000 ml;280;EN
Alcoholic drinks;Jack Daniel's Fire;;50 ml;20;HU
Alcoholic drinks;Jack Daniel's Fire;;50 ml;20;RO
Alcoholic drinks;Jack Daniel's Fire;;50 ml;20;EN
Alcoholic drinks;Gentleman Jack;+ 5 cola / pipa (narghilea);700 ml;308;HU
Alcoholic drinks;Gentleman Jack;+ 5 cola / narghilea;700 ml;308;RO
Alcoholic drinks;Gentleman Jack;+ 5 cola / hookah;700 ml;308;EN
Alcoholic drinks;Gentleman Jack;;50 ml;22;HU
Alcoholic drinks;Gentleman Jack;;50 ml;22;RO
Alcoholic drinks;Gentleman Jack;;50 ml;22;EN
Alcoholic drinks;CHIVAS REGAL 12 YEAR;+ 5 cola / pipa (narghilea);1000 ml;440;HU
Alcoholic drinks;CHIVAS REGAL 12 YEAR;+ 5 cola / narghilea;1000 ml;440;RO
Alcoholic drinks;CHIVAS REGAL 12 YEAR;+ 5 cola / hookah;1000 ml;440;EN
Alcoholic drinks;CHIVAS REGAL 12 YEAR;;50 ml;22;HU
Alcoholic drinks;CHIVAS REGAL 12 YEAR;;50 ml;22;RO
Alcoholic drinks;CHIVAS REGAL 12 YEAR;;50 ml;22;EN
Alcoholic drinks;CLAN CAMPBELL;+ 5 cola / pipa (narghilea);1000 ml;280;HU
Alcoholic drinks;CLAN CAMPBELL;+ 5 cola / pipa (narghilea);1000 ml;280;RO
Alcoholic drinks;CLAN CAMPBELL;+ 5 cola / pipa (narghilea);1000 ml;280;EN
Alcoholic drinks;CLAN CAMPBELL;;50 ml;14;HU
Alcoholic drinks;CLAN CAMPBELL;;50 ml;14;RO
Alcoholic drinks;CLAN CAMPBELL;;50 ml;14;EN
Alcoholic drinks;JAMESON;+ 5 cola / pipa (narghilea);1000 ml;260;HU
Alcoholic drinks;JAMESON;+ 5 cola / narghilea;1000 ml;260;RO
Alcoholic drinks;JAMESON;+ 5 cola / hookah;1000 ml;260;EN
Alcoholic drinks;JAMESON;;50 ml;13;HU
Alcoholic drinks;JAMESON;;50 ml;13;RO
Alcoholic drinks;JAMESON;;50 ml;13;EN
Alcoholic drinks;GREY GOOSE;+ 5 cola / pipa (narghilea);700 ml;400;HU
Alcoholic drinks;GREY GOOSE;+ 5 cola / narghilea;700 ml;400;RO
Alcoholic drinks;GREY GOOSE;+ 5 cola / hookah;700 ml;400;EN
Alcoholic drinks;GREY GOOSE;;50 ml;29;HU
Alcoholic drinks;GREY GOOSE;;50 ml;29;RO
Alcoholic drinks;GREY GOOSE;;50 ml;29;EN
Alcoholic drinks;ABSOLUT VODKA;+ 5 cola / pipa (narghilea);1000 ml;240;HU
Alcoholic drinks;ABSOLUT VODKA;+ 5 cola / narghilea;1000 ml;240;RO
Alcoholic drinks;ABSOLUT VODKA;+ 5 cola / hookah;1000 ml;240;EN
Alcoholic drinks;ABSOLUT VODKA;;50 ml;12;HU
Alcoholic drinks;ABSOLUT VODKA;;50 ml;12;RO
Alcoholic drinks;ABSOLUT VODKA;;50 ml;12;EN
Alcoholic drinks;XEREDA VODKA;;1000 ml;80;HU
Alcoholic drinks;XEREDA VODKA;;1000 ml;80;RO
Alcoholic drinks;XEREDA VODKA;;1000 ml;80;EN
Alcoholic drinks;XEREDA VODKA;;50 ml;8;HU
Alcoholic drinks;XEREDA VODKA;;50 ml;8;RO
Alcoholic drinks;XEREDA VODKA;;50 ml;8;EN
Alcoholic drinks;BAMBU XO;+ 5 cola / pipa (narghilea);700 ml;420;HU
Alcoholic drinks;BAMBU XO;+ 5 cola / narghilea;700 ml;420;RO
Alcoholic drinks;BAMBU XO;+ 5 cola / hookah;700 ml;420;EN
Alcoholic drinks;BAMBU XO;;50 ml;30;HU
Alcoholic drinks;BAMBU XO;;50 ml;30;RO
Alcoholic drinks;BAMBU XO;;50 ml;30;EN
Alcoholic drinks;BAMBU;+ 5 cola / pipa (narghilea);700 ml;364;HU
Alcoholic drinks;BAMBU;+ 5 cola / narghilea;700 ml;364;RO
Alcoholic drinks;BAMBU;+ 5 cola / hookah;700 ml;364;EN
Alcoholic drinks;BAMBU;;50 ml;26;HU
Alcoholic drinks;BAMBU;;50 ml;26;RO
Alcoholic drinks;BAMBU;;50 ml;26;EN
Alcoholic drinks;BACARDI CARTA BLANCA;;1000 ml;300;HU
Alcoholic drinks;BACARDI CARTA BLANCA;;1000 ml;300;RO
Alcoholic drinks;BACARDI CARTA BLANCA;;1000 ml;300;EN
Alcoholic drinks;BACARDI CARTA BLANCA;;50 ml;15;HU
Alcoholic drinks;BACARDI CARTA BLANCA;;50 ml;15;RO
Alcoholic drinks;BACARDI CARTA BLANCA;;50 ml;15;EN
Alcoholic drinks;BACARDI SPICED;;700 ml;238;HU
Alcoholic drinks;BACARDI SPICED;;700 ml;238;RO
Alcoholic drinks;BACARDI SPICED;;700 ml;238;EN
Alcoholic drinks;BACARDI SPICED;;50 ml;17;HU
Alcoholic drinks;BACARDI SPICED;;50 ml;17;RO
Alcoholic drinks;BACARDI SPICED;;50 ml;17;EN
Alcoholic drinks;HAVANNA CLUB SPICED;;700 ml;210;HU
Alcoholic drinks;HAVANNA CLUB SPICED;;700 ml;210;RO
Alcoholic drinks;HAVANNA CLUB SPICED;;700 ml;210;EN
Alcoholic drinks;HAVANNA CLUB SPICED;;50 ml;15;HU
Alcoholic drinks;HAVANNA CLUB SPICED;;50 ml;15;RO
Alcoholic drinks;HAVANNA CLUB SPICED;;50 ml;15;EN
Alcoholic drinks;SIR BONET;;700 ml;210;HU
Alcoholic drinks;SIR BONET;;700 ml;210;RO
Alcoholic drinks;SIR BONET;;700 ml;210;EN
Alcoholic drinks;SIR BONET;;50 ml;15;HU
Alcoholic drinks;SIR BONET;;50 ml;15;RO
Alcoholic drinks;SIR BONET;;50 ml;15;EN
Alcoholic drinks;JAGERMAISTER;+ 5 cola / pipa (narghilea);1000 ml;280;HU
Alcoholic drinks;JAGERMAISTER;+ 5 cola / narghilea;1000 ml;280;RO
Alcoholic drinks;JAGERMAISTER;+ 5 cola / hookah;1000 ml;280;EN
Alcoholic drinks;JAGERMAISTER;;50 ml;14;HU
Alcoholic drinks;JAGERMAISTER;;50 ml;14;RO
Alcoholic drinks;JAGERMAISTER;;50 ml;14;EN
Alcoholic drinks;UNICUM;;1000 ml;280;HU
Alcoholic drinks;UNICUM;;1000 ml;280;RO
Alcoholic drinks;UNICUM;;1000 ml;280;EN
Alcoholic drinks;UNICUM;;50 ml;14;HU
Alcoholic drinks;UNICUM;;50 ml;14;RO
Alcoholic drinks;UNICUM;;50 ml;14;EN
Alcoholic drinks;UNICUM SZILVA;;1000 ml;300;HU
Alcoholic drinks;UNICUM SZILVA;;1000 ml;300;RO
Alcoholic drinks;UNICUM SZILVA;;1000 ml;300;EN
Alcoholic drinks;UNICUM SZILVA;;50 ml;15;HU
Alcoholic drinks;UNICUM SZILVA;;50 ml;15;RO
Alcoholic drinks;UNICUM SZILVA;;50 ml;15;EN
Alcoholic drinks;UNICUM ORANGE BITTER;;1000 ml;196;HU
Alcoholic drinks;UNICUM ORANGE BITTER;;1000 ml;196;RO
Alcoholic drinks;UNICUM ORANGE BITTER;;1000 ml;196;EN
Alcoholic drinks;UNICUM ORANGE BITTER;;50 ml;14;HU
Alcoholic drinks;UNICUM ORANGE BITTER;;50 ml;14;RO
Alcoholic drinks;UNICUM ORANGE BITTER;;50 ml;14;EN
Alcoholic drinks;TATRATEA 42%;;700 ml;252;HU
Alcoholic drinks;TATRATEA 42%;;700 ml;252;RO
Alcoholic drinks;TATRATEA 42%;;700 ml;252;EN
Alcoholic drinks;TATRATEA 42%;;50 ml;18;HU
Alcoholic drinks;TATRATEA 42%;;50 ml;18;RO
Alcoholic drinks;TATRATEA 42%;;50 ml;18;EN
Alcoholic drinks;TATRATEA 52%;;700 ml;266;HU
Alcoholic drinks;TATRATEA 52%;;700 ml;266;RO
Alcoholic drinks;TATRATEA 52%;;700 ml;266;EN
Alcoholic drinks;TATRATEA 52%;;50 ml;19;HU
Alcoholic drinks;TATRATEA 52%;;50 ml;19;RO
Alcoholic drinks;TATRATEA 52%;;50 ml;19;EN
Alcoholic drinks;TATRATEA 62%;;700 ml;280;HU
Alcoholic drinks;TATRATEA 62%;;700 ml;280;RO
Alcoholic drinks;TATRATEA 62%;;700 ml;280;EN
Alcoholic drinks;TATRATEA 62%;;50 ml;20;HU
Alcoholic drinks;TATRATEA 62%;;50 ml;20;RO
Alcoholic drinks;TATRATEA 62%;;50 ml;20;EN
Alcoholic drinks;FÜTYÜLŐS;dinnye / eper rosé / kék áfonya;500 ml;150;HU
Alcoholic drinks;FÜTYÜLŐS;dinnye / eper rosé / kék áfonya;500 ml;150;RO
Alcoholic drinks;FÜTYÜLŐS;dinnye / eper rosé / kék áfonya;500 ml;150;EN
Alcoholic drinks;FÜTYÜLŐS;dinnye / eper rosé / kék áfonya;50 ml;15;HU
Alcoholic drinks;FÜTYÜLŐS;dinnye / eper rosé / kék áfonya;50 ml;15;RO
Alcoholic drinks;FÜTYÜLŐS;dinnye / eper rosé / kék áfonya;50 ml;15;EN
Alcoholic drinks;MALIBU;;700 ml;168;HU
Alcoholic drinks;MALIBU;;700 ml;168;RO
Alcoholic drinks;MALIBU;;700 ml;168;EN
Alcoholic drinks;MALIBU;;50 ml;12;HU
Alcoholic drinks;MALIBU;;50 ml;12;RO
Alcoholic drinks;MALIBU;;50 ml;12;EN
Alcoholic drinks;BAILEY'S;;1000 ml;300;HU
Alcoholic drinks;BAILEY'S;;1000 ml;300;RO
Alcoholic drinks;BAILEY'S;;1000 ml;300;EN
Alcoholic drinks;BAILEY'S;;50 ml;15;HU
Alcoholic drinks;BAILEY'S;;50 ml;15;RO
Alcoholic drinks;BAILEY'S;;50 ml;15;EN
Alcoholic drinks;ALEXANDRION 7*;;1000 ml;280;HU
Alcoholic drinks;ALEXANDRION 7*;;1000 ml;280;RO
Alcoholic drinks;ALEXANDRION 7*;;1000 ml;280;EN
Alcoholic drinks;ALEXANDRION 7*;;50 ml;14;HU
Alcoholic drinks;ALEXANDRION 7*;;50 ml;14;RO
Alcoholic drinks;ALEXANDRION 7*;;50 ml;14;EN
Alcoholic drinks;TOPHAT;;700 ml;182;HU
Alcoholic drinks;TOPHAT;;700 ml;182;RO
Alcoholic drinks;TOPHAT;;700 ml;182;EN
Alcoholic drinks;TOPHAT;;50 ml;13;HU
Alcoholic drinks;TOPHAT;;50 ml;13;RO
Alcoholic drinks;TOPHAT;;50 ml;13;EN
Alcoholic drinks;TEQUILA SOMBRERO NEGRO SILVER;;700 ml;196;HU
Alcoholic drinks;TEQUILA SOMBRERO NEGRO SILVER;;700 ml;196;RO
Alcoholic drinks;TEQUILA SOMBRERO NEGRO SILVER;;700 ml;196;EN
Alcoholic drinks;TEQUILA SOMBRERO NEGRO SILVER;;50 ml;14;HU
Alcoholic drinks;TEQUILA SOMBRERO NEGRO SILVER;;50 ml;14;RO
Alcoholic drinks;TEQUILA SOMBRERO NEGRO SILVER;;50 ml;14;EN
Alcoholic drinks;TEQUILA HERENCIA DE PLATA SILVER;;700 ml;350;HU
Alcoholic drinks;TEQUILA HERENCIA DE PLATA SILVER;;700 ml;350;RO
Alcoholic drinks;TEQUILA HERENCIA DE PLATA SILVER;;700 ml;350;EN
Alcoholic drinks;TEQUILA HERENCIA DE PLATA SILVER;;50 ml;25;HU
Alcoholic drinks;TEQUILA HERENCIA DE PLATA SILVER;;50 ml;25;RO
Alcoholic drinks;TEQUILA HERENCIA DE PLATA SILVER;;50 ml;25;EN
Shots;KAMIKAZE;;;10;HU
Shots;KAMIKAZE;;;10;RO
Shots;KAMIKAZE;;;10;EN
Shots;MARIHUANA;;;10;HU
Shots;MARIHUANA;;;10;RO
Shots;MARIHUANA;;;10;EN
Shots;B52;;;10;HU
Shots;B52;;;10;RO
Shots;B52;;;10;EN
Shots;RED BRAIN;;;10;HU
Shots;RED BRAIN;;;10;RO
Shots;RED BRAIN;;;10;EN
Shots;TEQUILA;;;7;HU
Shots;TEQUILA;;;7;RO
Shots;TEQUILA;;;7;EN
Shots;JACK DANIEL'S;;;9;HU
Shots;JACK DANIEL'S;;;9;RO
Shots;JACK DANIEL'S;;;9;EN
Shots;JAGERMEISTER;;;8;HU
Shots;JAGERMEISTER;;;8;RO
Shots;JAGERMESITER;;;8;EN
Shots;TATRATEA 42%;;;10;HU
Shots;TATRATEA 42%;;;10;RO
Shots;TATRATEA 42%;;;10;EN
Shots;TATRATEA 52%;;;10;HU
Shots;TATRATEA 52%;;;10;RO
Shots;TATRATEA 52%;;;10;EN
Shots;TATRATEA 62%;;;10;HU
Shots;TATRATEA 62%;;;10;RO
Shots;TATRATEA 62%;;;10;EN
Cocktails;WHISKEY COLA;whiskey, cola, citrom;;20;HU
Cocktails;WHISKEY COLA;whiskey, cola, lămâie;;20;RO
Cocktails;WHISKEY COLA;whiskey, cola, lemon;;20;EN
Cocktails;CUBA LIBRE;spiced rum, cola, lime;;20;HU
Cocktails;CUBA LIBRE;rom condimentat, cola, lime;;20;RO
Cocktails;CUBA LIBRE;spiced rum, cola, lime;;20;EN
Cocktails;GIN TONIC;gin, tonic, citrom;;20;HU
Cocktails;GIN TONIC;gin, tonic, lămâie;;20;RO
Cocktails;GIN TONIC;gin, tonic, lemon;;20;EN
Cocktails;PINK GIN TONIC;pink gin, pink tonic, citrom;;20;HU
Cocktails;PINK GIN TONIC;gin roz, tonic roz, lămâie;;20;RO
Cocktails;PINK GIN TONIC;pink gin, pink tonic, lemon;;20;EN
Cocktails;SEX ON THE BEACH;vodka, őszibarack likőr, narancslé;;20;HU
Cocktails;SEX ON THE BEACH;vodcă, lichior de piersici, suc de portocale;;20;RO
Cocktails;SEX ON THE BEACH;vodka, peach liqueur, orange juice;;20;EN
Cocktails;MOJITO;fehér rum, cukorszirup, lime, menta levél, Sprite;;20;HU
Cocktails;MOJITO;rom alb, sirop de zahăr, lime, frunză de mentă, Sprite;;20;RO
Cocktails;MOJITO;white rum, sugar syrup, lime, mint leaf, Sprite;;20;EN
Cocktails;SCREWDRIVER;vodka, narancslé;;20;HU
Cocktails;SCREWDRIVER;vodcă, suc de portocale;;20;RO
Cocktails;SCREWDRIVER;vodka, orange juice;;20;EN
Cocktails;BLUE LAGOON;vodka, curacaa, cukorszirup, szódavíz, lime, citrom, narancs;;20;HU
Cocktails;BLUE LAGOON;vodcă, curaçao, sirop de zahăr, apă minerală, lime, lămâie, portocală;;20;RO
Cocktails;BLUE LAGOON;vodka, curaçao, sugar syrup, soda water, lime, lemon, orange;;20;EN
Cocktails;APEROL SPRITZ;aperol, prosecco, szódavíz, narancs;;20;HU
Cocktails;APEROL SPRITZ;aperol, prosecco, apă minerală, portocală;;20;RO
Cocktails;APEROL SPRITZ;aperol, prosecco, soda water, orange;;20;EN
Cocktails;MALIBU;malibu, narancslé, áfonyalé, lime, narancs;;20;HU
Cocktails;MALIBU;malibu, suc de portocale, suc de merișoare, lime, portocală;;20;RO
Cocktails;MALIBU;malibu, orange juice, cranberry juice, lime, orange;;20;EN
Cocktails;MALIBU BREEZE;malibu, áfonyalé, ananászlé;;20;HU
Cocktails;MALIBU BREEZE;malibu, suc de merișoare, suc de ananas;;20;RO
Cocktails;MALIBU BREEZE;malibu, cranberry juice, pineapple juice;;20;EN
Cocktails;JAGER BOMBA;jagermaister, energiaital;;20;HU
Cocktails;JAGER BOMBA;jägermeister, băutură energizantă;;20;RO
Cocktails;JAGER BOMBA;jägermeister, energy drink;;20;EN
Alcohol free cocktails;VIRGIN MOJITO;cukorszirup, lime, mentalevél;;15;HU
Alcohol free cocktails;VIRGIN MOJITO;sirop de zahăr, lime, frunze de mentă;;15;RO
Alcohol free cocktails;VIRGIN MOJITO;sugar syrup, lime, mint leaves;;15;EN
Alcohol free cocktails;STRAWBERRY VIRGIN MOJITO;eper püré, cukorszirup, lime;;15;HU
Alcohol free cocktails;STRAWBERRY VIRGIN MOJITO;piure de căpșuni, sirop de zahăr, lime;;15;RO
Alcohol free cocktails;STRAWBERRY VIRGIN MOJITO;strawberry purée, sugar syrup, lime;;15;EN
Alcohol free cocktails;SAFE ON THE BEACH;őszibarack lé, narancslé, áfonyalé;;15;HU
Alcohol free cocktails;SAFE ON THE BEACH;őszibarack lé, narancslé, áfonyalé;;15;RO
Alcohol free cocktails;SAFE ON THE BEACH;őszibarack lé, narancslé, áfonyalé;;15;EN
Alcohol free cocktails;ATOMIC CAT;narancslé, tonic;;15;HU
Alcohol free cocktails;ATOMIC CAT;suc de portocale, tonic;;15;RO
Alcohol free cocktails;ATOMIC CAT;orange juice, tonic;;15;EN
Alcohol free cocktails;DOLCE & GABBANA;cola, gránátalma lé, citrom;;15;HU
Alcohol free cocktails;DOLCE & GABBANA;cola, suc de rodie, lămâie;;15;RO
Alcohol free cocktails;DOLCE & GABBANA;cola, pomegranate juice, lemon;;15;EN
Alcohol free cocktails;CINDERELLA;citromlé, narancslé, ananászlé, szódavíz, gránátalma szirup;;15;HU
Alcohol free cocktails;CINDERELLA;suc de lămâie, suc de portocale, suc de ananas, apă minerală, sirop de grenadină;;15;RO
Alcohol free cocktails;CINDERELLA;lemon juice, orange juice, pineapple juice, soda water, grenadine syrup;;15;EN
Alcohol free cocktails;MARGARITA;frissen facsart lime lé, narancs lé, cukorszirup, Sprite;;15;HU
Alcohol free cocktails;MARGARITA;suc de lime proaspăt stors, suc de portocale, sirop de zahăr, Sprite;;15;RO
Alcohol free cocktails;MARGARITA;freshly squeezed lime juice, orange juice, sugar syrup, Sprite;;15;EN
Beers;HEINEKEN;;400 ml;12;HU
Beers;HEINEKEN;;400 ml;12;RO
Beers;HEINEKEN;;400 ml;12;EN
Beers;HEINEKEN 0%;;330 ml;12;HU
Beers;HEINEKEN 0%;;330 ml;12;RO
Beers;HEINEKEN 0%;;330 ml;12;EN
Beers;HARGHITA;;500 ml;8;HU
Beers;HARGHITA;;500 ml;8;RO
Beers;HARGHITA;;500 ml;8;EN
Beers;GOLDEN BRAU;;500 ml;9;HU
Beers;GOLDEN BRAU;;500 ml;9;RO
Beers;GOLDEN BRAU;;500 ml;9;EN
Beers;BIRRA MORETTI;;500 ml;9;HU
Beers;BIRRA MORETTI;;500 ml;9;RO
Beers;BIRRA MORETTI;;500 ml;9;EN
Beers;CORONA;;355 ml;15;HU
Beers;CORONA;;355 ml;15;RO
Beers;CORONA;;355 ml;15;EN
Beers;AMSTEL;;330 ml;9;HU
Beers;AMSTEL;;330 ml;9;RO
Beers;AMSTEL;;330 ml;9;EN
Beers;CIUC PREMIUM;;500 ml;9;HU
Beers;CIUC PREMIUM;;500 ml;9;RO
Beers;CIUC PREMIUM;;500 ml;9;EN
Beers;CIUC RADLER 0%;citrom / málna;500 ml;10;HU
Beers;CIUC RADLER 0%;lămâie / zmeură;500 ml;10;RO
Beers;CIUC RADLER 0%;lemon / raspberry;500 ml;10;EN
Cider;STRONGBOW;red berries / rose / gold apple;330 ml;12;HU
Cider;STRONGBOW;fructe roșii / rosé / măr auriu;330 ml;12;RO
Cider;STRONGBOW;red berries / rosé / golden apple;330 ml;12;EN
Wines;PURCARI NOCTURNE;vörös / száraz;750 ml;95;HU
Wines;PURCARI NOCTURNE;roșu / sec;750 ml;95;RO
Wines;PURCARI NOCTURNE;red / dry;750 ml;95;EN
Wines;PURCARI NOCTURNE;vörös / száraz;150 ml;19;HU
Wines;PURCARI NOCTURNE;roșu / sec;150 ml;19;RO
Wines;PURCARI NOCTURNE;red / dry;150 ml;19;EN
Wines;PURCARI;vörös / száraz;750 ml;85;HU
Wines;PURCARI;roșu / sec;750 ml;85;RO
Wines;PURCARI;red / dry;750 ml;85;EN
Wines;PURCARI;vörös / száraz;150 ml;17;HU
Wines;PURCARI;roșu / sec;150 ml;17;RO
Wines;PURCARI;red / dry;150 ml;17;EN
Wines;FRITTMANN;vörös / száraz;750 ml;50;HU
Wines;FRITTMANN;roșu / sec;750 ml;50;RO
Wines;FRITTMANN;red / dry;750 ml;50;EN
Wines;FRITTMANN;vörös / száraz;150 ml;10;HU
Wines;FRITTMANN;roșu / sec;150 ml;10;RO
Wines;FRITTMANN;red / dry;150 ml;10;EN
Wines;PURCARI NOCTURNE;fehér / száraz;750 ml;95;HU
Wines;PURCARI NOCTURNE;alb / sec;750 ml;95;RO
Wines;PURCARI NOCTURNE;white / dry;750 ml;95;EN
Wines;PURCARI NOCTURNE;fehér / száraz;150 ml;19;HU
Wines;PURCARI NOCTURNE;alb / sec;150 ml;19;RO
Wines;PURCARI NOCTURNE;white / dry;150 ml;19;EN
Wines;PURCARI;fehér / száraz;750 ml;85;HU
Wines;PURCARI;alb / sec;750 ml;85;RO
Wines;PURCARI;white / dry;750 ml;85;EN
Wines;PURCARI;fehér / száraz;150 ml;17;HU
Wines;PURCARI;alb / sec;150 ml;17;RO
Wines;PURCARI;white / dry;150 ml;17;EN
Wines;GEDEON BIRTOK;fehér / száraz;750 ml;60;HU
Wines;GEDEON BIRTOK;alb / sec;750 ml;60;RO
Wines;GEDEON BIRTOK;white / dry;750 ml;60;EN
Wines;GEDEON BIRTOK;fehér / száraz;150 ml;12;HU
Wines;GEDEON BIRTOK;alb / sec;150 ml;12;RO
Wines;GEDEON BIRTOK;white / dry;150 ml;12;EN
Wines;PURCARI NOCTURNE;rosé / száraz;750 ml;95;HU
Wines;PURCARI NOCTURNE;rosé / sec;750 ml;95;RO
Wines;PURCARI NOCTURNE;rosé / dry;750 ml;95;EN
Wines;PURCARI NOCTURNE;rosé / száraz;150 ml;19;HU
Wines;PURCARI NOCTURNE;rosé / sec;150 ml;19;RO
Wines;PURCARI NOCTURNE;rosé / dry;150 ml;19;EN
Wines;PURCARI;rosé / száraz;750 ml;85;HU
Wines;PURCARI;rosé / sec;750 ml;85;RO
Wines;PURCARI;rosé / dry;750 ml;85;EN
Wines;PURCARI;rosé / száraz;150 ml;17;HU
Wines;PURCARI;rosé / sec;150 ml;17;RO
Wines;PURCARI;rosé / dry;150 ml;17;EN
Wines;SCHWABEN WEIN;rosé / félszáraz;750 ml;60;HU
Wines;SCHWABEN WEIN;rosé / demisec;750 ml;60;RO
Wines;SCHWABEN WEIN;rosé / semi-dry;750 ml;60;EN
Wines;SCHWABEN WEIN;rosé / félszáraz;150 ml;12;HU
Wines;SCHWABEN WEIN;rosé / demisec;150 ml;12;RO
Wines;SCHWABEN WEIN;rosé / semi-dry;150 ml;12;EN
Wines;JUHÁSZ;fehér / félédes;750 ml;50;HU
Wines;JUHÁSZ;fehér / félédes;750 ml;50;RO
Wines;JUHÁSZ;fehér / félédes;750 ml;50;EN
Wines;JUHÁSZ;fehér / félédes;150 ml;10;HU
Wines;JUHÁSZ;fehér / félédes;150 ml;10;RO
Wines;JUHÁSZ;fehér / félédes;150 ml;10;EN
Champagne;CA'DI RAJO;prosecco;750 ml;80;HU
Champagne;CA'DI RAJO;prosecco;750 ml;80;RO
Champagne;CA'DI RAJO;prosecco;750 ml;80;EN
Champagne;CA'DI RAJO;prosecco;150 ml;15;HU
Champagne;CA'DI RAJO;prosecco;150 ml;15;RO
Champagne;CA'DI RAJO;prosecco;150 ml;15;EN
Champagne;CA'DI RAJO VALDOBBIADENE;prosecco;750 ml;200;HU
Champagne;CA'DI RAJO VALDOBBIADENE;prosecco;750 ml;200;RO
Champagne;CA'DI RAJO VALDOBBIADENE;prosecco;750 ml;200;EN
Champagne;BELAIRE Luxe Rosé;750 ml;500;HU
Champagne;BELAIRE Luxe Rosé;750 ml;500;RO
Champagne;BELAIRE Luxe Rosé;750 ml;500;EN
Champagne;Möet&Chandon;750 ml;550;HU
Champagne;Möet&Chandon;750 ml;550;RO
Champagne;Möet&Chandon;750 ml;550;EN
Hookahs;VÍZIPIPA 20 GR DOHÁNNYAL;narghilea cu tutun 20 gr;;45;HU
Hookahs;Narghilea cu 20 g tutun;narghilea cu 20 g tutun;;45;RO
Hookahs;Hookah with 20 g tobacco;hookah with 20 g tobacco;;45;EN
Hookahs;VÍZIPIPA JEGES SZÍVÓVÉGGEL;narghilea cu ice bazooka;;45;HU
Hookahs;Narghilea cu Ice Bazooka;narghilea cu ice bazooka;;45;RO
Hookahs;Hookah with ice mouthpiece;hookah with ice bazooka;;45;EN
Hookahs;PRÉMIUM VÍZIPIPA QUASAR KERÁMIÁVAL ÉS 35 GR DOHÁNNYAL;;;60;HU
Hookahs;Narghilea Premium cu creuzet Quasar și 35 g tutun;;;60;RO
Hookahs;Premium hookah with Quasar bowl and 35 g tobacco;;;60;EN
Hookahs;PRÉMIUM VÍZIPIPA QUASAR KERÁMIÁVAL, 35 GR DOHÁNNYAL ÉS ALKOHOLLAL;;;80;HU
Hookahs;Narghilea Premium Quasar 35 g + alcool;;;80;RO
Hookahs;Premium hookah (Quasar) 35 g + alcohol;;;80;EN
Snacks;POPCORN;vajas / sajtos / sós;;5;HU
Snacks;POPCORN;cu unt / cu brânză / sărat;;5;RO
Snacks;POPCORN;butter / cheese / salted;;5;EN
Snacks;CHIPS;bbq / sajtos / sós;;8;HU
Snacks;CHIPS;BBQ / cu brânză / sărat;;8;RO
Snacks;CHIPS;BBQ / cheese / salted;;8;EN
Snacks;MOGYORÓ;;100 gr;5;HU
Snacks;Arahide;;100 g;5;RO
Snacks;Peanuts;;100 g;5;EN
Snacks;ROPI;;100 gr;5;HU
Snacks;Ropi (sticksuri sărate);;100 g;5;RO
Snacks;Salty pretzel sticks;;100 g;5;EN


